osmid,y,x,street_count,highway,ref,railway,geometry
65280094,37.7448686,-122.4682103,1,,,,POINT (-122.4682103 37.7448686)
65280097,37.744127,-122.4681611,3,,,,POINT (-122.4681611 37.744127)
65280099,37.7433923,-122.4681124,3,,,,POINT (-122.4681124 37.7433923)
65281401,37.719809,-122.474293,3,,,,POINT (-122.474293 37.719809)
65281547,37.7332051,-122.4939058,3,,,,POINT (-122.4939058 37.7332051)
65282059,37.7175065,-122.4743876,3,,,,POINT (-122.4743876 37.7175065)
65282123,37.7337798,-122.491574,3,,,,POINT (-122.491574 37.7337798)
65282347,37.73375,-122.495416,3,,,,POINT (-122.495416 37.73375)
65282353,37.7321324,-122.4938307,3,,,,POINT (-122.4938307 37.7321324)
65283131,37.7142281,-122.4715158,3,,,,POINT (-122.4715158 37.7142281)
65283145,37.7127383,-122.4698369,3,,,,POINT (-122.4698369 37.7127383)
65283986,37.7332119,-122.4937514,3,,,,POINT (-122.4937514 37.7332119)
65283993,37.7338951,-122.4924804,3,,,,POINT (-122.4924804 37.7338951)
65284000,37.7321258,-122.4936753,3,,,,POINT (-122.4936753 37.7321258)
65284828,37.7127152,-122.4706332,3,,,,POINT (-122.4706332 37.7127152)
65284849,37.7125409,-122.4711665,3,,,,POINT (-122.4711665 37.7125409)
65284851,37.7129786,-122.4712324,3,motorway_junction,,,POINT (-122.4712324 37.7129786)
65284868,37.712818,-122.4709658,3,,,,POINT (-122.4709658 37.712818)
65285870,37.7197923,-122.4757079,3,,,,POINT (-122.4757079 37.7197923)
65286997,37.712534,-122.4713401,3,motorway_junction,,,POINT (-122.4713401 37.712534)
65287033,37.7139467,-122.4716277,3,motorway_junction,,,POINT (-122.4716277 37.7139467)
65287720,37.7435768,-122.4658875,3,,,,POINT (-122.4658875 37.7435768)
65287725,37.7413221,-122.4667176,4,,,,POINT (-122.4667176 37.7413221)
65287734,37.7400147,-122.4680234,4,,,,POINT (-122.4680234 37.7400147)
65287736,37.738521,-122.4696874,4,,,,POINT (-122.4696874 37.738521)
65287741,37.7376555,-122.4709552,4,,,,POINT (-122.4709552 37.7376555)
65287746,37.7375643,-122.4731672,3,,,,POINT (-122.4731672 37.7375643)
65287762,37.7374593,-122.475383,4,traffic_signals,,,POINT (-122.475383 37.7374593)
65287763,37.7374162,-122.4763947,4,,,,POINT (-122.4763947 37.7374162)
65287766,37.7373712,-122.4774662,4,,,,POINT (-122.4774662 37.7373712)
65287776,37.7372381,-122.481658,3,,,,POINT (-122.481658 37.7372381)
65287782,37.7374818,-122.4828819,1,,,,POINT (-122.4828819 37.7374818)
65287805,37.7369632,-122.487495,3,,,,POINT (-122.487495 37.7369632)
65287831,37.7379087,-122.4901588,3,,,,POINT (-122.4901588 37.7379087)
65287834,37.7378645,-122.4903922,3,,,,POINT (-122.4903922 37.7378645)
65287857,37.7370741,-122.4924861,4,,,,POINT (-122.4924861 37.7370741)
65287867,37.7366405,-122.4941464,4,,,,POINT (-122.4941464 37.7366405)
65287871,37.7366118,-122.4946019,4,,,,POINT (-122.4946019 37.7366118)
65287875,37.7365641,-122.495677,4,,,,POINT (-122.495677 37.7365641)
65287878,37.7365167,-122.496747,4,,,,POINT (-122.496747 37.7365167)
65287879,37.7364692,-122.4978165,4,stop,,,POINT (-122.4978165 37.7364692)
65287881,37.7364217,-122.4988879,3,stop,,,POINT (-122.4988879 37.7364217)
65287885,37.7363742,-122.4999583,4,stop,,,POINT (-122.4999583 37.7363742)
65287888,37.7363266,-122.5010318,4,,,,POINT (-122.5010318 37.7363266)
65287895,37.7362315,-122.5031768,4,stop,,,POINT (-122.5031768 37.7362315)
65287898,37.736184,-122.5042462,4,stop,,,POINT (-122.5042462 37.736184)
65287902,37.7361365,-122.5053175,4,stop,,,POINT (-122.5053175 37.7361365)
65287905,37.7360967,-122.5062142,3,,,,POINT (-122.5062142 37.7360967)
65288802,37.7129857,-122.472726,4,traffic_signals,,,POINT (-122.472726 37.7129857)
65289521,37.7459548,-122.4947988,4,traffic_signals,,,POINT (-122.4947988 37.7459548)
65289529,37.7440896,-122.4946682,4,,,,POINT (-122.4946682 37.7440896)
65289538,37.742226,-122.4945376,4,,,,POINT (-122.4945376 37.742226)
65289545,37.7403594,-122.4944069,4,,,,POINT (-122.4944069 37.7403594)
65289552,37.738496,-122.4942764,4,,,,POINT (-122.4942764 37.738496)
65289573,37.7319131,-122.4938153,4,,,,POINT (-122.4938153 37.7319131)
65291587,37.736677,-122.4692683,3,,,,POINT (-122.4692683 37.736677)
65291599,37.734833,-122.4688164,4,,,,POINT (-122.4688164 37.734833)
65291602,37.7331013,-122.4686875,4,,,,POINT (-122.4686875 37.7331013)
65291604,37.7318513,-122.4687599,4,stop,,,POINT (-122.4687599 37.7318513)
65291619,37.7299741,-122.4693485,5,traffic_signals,,,POINT (-122.4693485 37.7299741)
65291627,37.7168996,-122.4758502,3,,,,POINT (-122.4758502 37.7168996)
65291639,37.7159391,-122.4784485,3,,,,POINT (-122.4784485 37.7159391)
65291641,37.7164173,-122.4792835,3,,,,POINT (-122.4792835 37.7164173)
65291647,37.7168854,-122.4800685,3,,,,POINT (-122.4800685 37.7168854)
65291654,37.7175266,-122.4815391,3,,,,POINT (-122.4815391 37.7175266)
65291658,37.7175856,-122.4832036,3,,,,POINT (-122.4832036 37.7175856)
65291683,37.7199304,-122.4756733,3,,,,POINT (-122.4756733 37.7199304)
65291691,37.7189708,-122.4755454,4,,,,POINT (-122.4755454 37.7189708)
65291695,37.7182144,-122.475424,3,,,,POINT (-122.475424 37.7182144)
65292201,37.7185192,-122.4831285,3,,,,POINT (-122.4831285 37.7185192)
65292203,37.7185716,-122.4846317,3,,,,POINT (-122.4846317 37.7185716)
65292208,37.7185886,-122.4851044,3,,,,POINT (-122.4851044 37.7185886)
65292216,37.7183354,-122.4851036,3,,,,POINT (-122.4851036 37.7183354)
65292224,37.7182709,-122.4831473,3,,,,POINT (-122.4831473 37.7182709)
65293133,37.744541,-122.4844103,4,,,,POINT (-122.4844103 37.744541)
65293135,37.7426778,-122.4842802,4,,,,POINT (-122.4842802 37.7426778)
65293138,37.740812,-122.4841499,4,,,,POINT (-122.4841499 37.740812)
65293141,37.7389507,-122.4840199,3,,,,POINT (-122.4840199 37.7389507)
65293718,37.735463,-122.4833002,3,,,,POINT (-122.4833002 37.735463)
65294644,37.72082,-122.4761155,3,,,,POINT (-122.4761155 37.72082)
65294646,37.7200202,-122.476046,3,,,,POINT (-122.476046 37.7200202)
65295108,37.7451732,-122.4703829,3,,,,POINT (-122.4703829 37.7451732)
65295111,37.7451096,-122.4714883,4,,,,POINT (-122.4714883 37.7451096)
65295118,37.7450122,-122.4737024,4,,,,POINT (-122.4737024 37.7450122)
65295120,37.7449666,-122.4747513,4,,,,POINT (-122.4747513 37.7449666)
65295122,37.7449181,-122.4758552,4,traffic_signals,,,POINT (-122.4758552 37.7449181)
65295126,37.7448708,-122.4769152,4,,,,POINT (-122.4769152 37.7448708)
65295128,37.7448237,-122.4779862,4,,,,POINT (-122.4779862 37.7448237)
65295130,37.7447766,-122.4790568,4,,,,POINT (-122.4790568 37.7447766)
65295132,37.744683,-122.4811982,4,,,,POINT (-122.4811982 37.744683)
65295135,37.744635,-122.4822733,4,,,,POINT (-122.4822733 37.744635)
65295139,37.7445879,-122.4833431,4,,,,POINT (-122.4833431 37.7445879)
65295147,37.7444939,-122.4854816,4,,,,POINT (-122.4854816 37.7444939)
65295150,37.7444465,-122.4865552,4,,,,POINT (-122.4865552 37.7444465)
65295153,37.7443994,-122.4876262,4,,,,POINT (-122.4876262 37.7443994)
65295156,37.7443523,-122.4886978,4,,,,POINT (-122.4886978 37.7443523)
65295158,37.7443052,-122.4897693,4,,,,POINT (-122.4897693 37.7443052)
65295160,37.7442581,-122.4908397,4,,,,POINT (-122.4908397 37.7442581)
65295162,37.7442107,-122.4919155,4,,,,POINT (-122.4919155 37.7442107)
65295164,37.7441637,-122.4929834,4,,,,POINT (-122.4929834 37.7441637)
65295168,37.7441166,-122.4940548,4,,,,POINT (-122.4940548 37.7441166)
65295170,37.7440695,-122.4951245,4,,,,POINT (-122.4951245 37.7440695)
65295172,37.7440222,-122.4961985,4,,,,POINT (-122.4961985 37.7440222)
65295177,37.7439751,-122.4972697,4,stop,,,POINT (-122.4972697 37.7439751)
65295179,37.743928,-122.4983398,4,,,,POINT (-122.4983398 37.743928)
65295181,37.7438809,-122.4994106,4,stop,,,POINT (-122.4994106 37.7438809)
65295183,37.7438338,-122.5004819,4,stop,,,POINT (-122.5004819 37.7438338)
65295187,37.7437866,-122.5015546,4,,,,POINT (-122.5015546 37.7437866)
65295190,37.7437394,-122.5026266,4,stop,,,POINT (-122.5026266 37.7437394)
65295192,37.7436922,-122.5036991,4,,,,POINT (-122.5036991 37.7436922)
65295206,37.7436451,-122.5047688,4,stop,,,POINT (-122.5047688 37.7436451)
65295214,37.743598,-122.5058404,4,stop,,,POINT (-122.5058404 37.743598)
65295218,37.7435508,-122.5069111,4,stop,,,POINT (-122.5069111 37.7435508)
65295223,37.7435376,-122.5072137,3,,,,POINT (-122.5072137 37.7435376)
65295530,37.7152134,-122.4803093,3,,,,POINT (-122.4803093 37.7152134)
65295533,37.7159529,-122.4813432,4,,,,POINT (-122.4813432 37.7159529)
65295536,37.7161449,-122.4816154,4,,,,POINT (-122.4816154 37.7161449)
65295538,37.7162404,-122.483276,4,,,,POINT (-122.483276 37.7162404)
65295543,37.716181,-122.4844373,5,,,,POINT (-122.4844373 37.716181)
65295556,37.7156272,-122.4846171,1,turning_circle,,,POINT (-122.4846171 37.7156272)
65296100,37.7459347,-122.4952551,4,,,,POINT (-122.4952551 37.7459347)
65296104,37.7403392,-122.4948631,4,,,,POINT (-122.4948631 37.7403392)
65296105,37.7384759,-122.4947325,4,,,,POINT (-122.4947325 37.7384759)
65296110,37.7347999,-122.494475,5,,,,POINT (-122.494475 37.7347999)
65296591,37.7350943,-122.4850422,3,,,,POINT (-122.4850422 37.7350943)
65296954,37.7216618,-122.4675982,3,,,,POINT (-122.4675982 37.7216618)
65296961,37.7233872,-122.466707,4,stop,,,POINT (-122.466707 37.7233872)
65296970,37.7254225,-122.4663079,3,,,,POINT (-122.4663079 37.7254225)
65297020,37.7456509,-122.5016852,4,stop,,,POINT (-122.5016852 37.7456509)
65297024,37.7419226,-122.5014239,6,,,,POINT (-122.5014239 37.7419226)
65297026,37.7400555,-122.5012931,4,,,,POINT (-122.5012931 37.7400555)
65297028,37.7381924,-122.5011626,4,,,,POINT (-122.5011626 37.7381924)
65297035,37.7352949,-122.5010593,4,,,,POINT (-122.5010593 37.7352949)
65297108,37.7325144,-122.4801304,4,,,,POINT (-122.4801304 37.7325144)
65297144,37.7428196,-122.4810669,4,,,,POINT (-122.4810669 37.7428196)
65297147,37.7409537,-122.4809383,4,,,,POINT (-122.4809383 37.7409537)
65297149,37.7390909,-122.4808079,4,,,,POINT (-122.4808079 37.7390909)
65297424,37.7196687,-122.4671652,4,,,,POINT (-122.4671652 37.7196687)
65297427,37.7216642,-122.467185,3,,,,POINT (-122.467185 37.7216642)
65297434,37.7115675,-122.4670505,4,traffic_signals,,,POINT (-122.4670505 37.7115675)
65297439,37.7124771,-122.4670964,4,traffic_signals,,,POINT (-122.4670964 37.7124771)
65297442,37.7142783,-122.467113,4,stop,,,POINT (-122.467113 37.7142783)
65299193,37.7323983,-122.4827723,4,,,,POINT (-122.4827723 37.7323983)
65299643,37.7353358,-122.4913436,4,,,,POINT (-122.4913436 37.7353358)
65299654,37.7341027,-122.4913134,4,,,,POINT (-122.4913134 37.7341027)
65299685,37.7460763,-122.4920458,4,,,,POINT (-122.4920458 37.7460763)
65299691,37.7423472,-122.4917855,4,,,,POINT (-122.4917855 37.7423472)
65299693,37.7404808,-122.4916534,4,,,,POINT (-122.4916534 37.7404808)
65299698,37.7386207,-122.4915418,4,,,,POINT (-122.4915418 37.7386207)
65299750,37.7196708,-122.4662654,4,,,,POINT (-122.4662654 37.7196708)
65299753,37.7196666,-122.468061,4,stop,,,POINT (-122.468061 37.7196666)
65299756,37.7196589,-122.4689629,4,,,,POINT (-122.4689629 37.7196589)
65299759,37.7196519,-122.4698613,4,,,,POINT (-122.4698613 37.7196519)
65299761,37.7196398,-122.4707594,4,,,,POINT (-122.4707594 37.7196398)
65299763,37.7196326,-122.471679,4,stop,,,POINT (-122.471679 37.7196326)
65299765,37.7196776,-122.472381,3,,,,POINT (-122.472381 37.7196776)
65301236,37.7245267,-122.4685303,2,,,,POINT (-122.4685303 37.7245267)
65301243,37.7247941,-122.4684753,2,,,,POINT (-122.4684753 37.7247941)
65301258,37.7238319,-122.4675528,3,,,,POINT (-122.4675528 37.7238319)
65301266,37.7252183,-122.4672896,3,,,,POINT (-122.4672896 37.7252183)
65301273,37.7320636,-122.4660992,3,,,,POINT (-122.4660992 37.7320636)
65301296,37.7303351,-122.4662778,4,stop,,,POINT (-122.4662778 37.7303351)
65301316,37.7283235,-122.4677438,5,traffic_signals,,,POINT (-122.4677438 37.7283235)
65302639,37.7268292,-122.4723691,4,,,,POINT (-122.4723691 37.7268292)
65302641,37.7268149,-122.4719979,4,traffic_signals,,,POINT (-122.4719979 37.7268149)
65302643,37.726808,-122.471703,4,,,,POINT (-122.471703 37.726808)
65302646,37.7267907,-122.4711517,4,,,,POINT (-122.4711517 37.7267907)
65302650,37.7271429,-122.4703739,3,,,,POINT (-122.4703739 37.7271429)
65302665,37.7287679,-122.4704812,3,,,,POINT (-122.4704812 37.7287679)
65302936,37.7229067,-122.4837384,3,,,,POINT (-122.4837384 37.7229067)
65302941,37.7227293,-122.4835056,3,,,,POINT (-122.4835056 37.7227293)
65302947,37.721808,-122.4825074,3,,,,POINT (-122.4825074 37.721808)
65302952,37.7216229,-122.4822362,3,,,,POINT (-122.4822362 37.7216229)
65302954,37.7207443,-122.4812483,3,,,,POINT (-122.4812483 37.7207443)
65302960,37.7206483,-122.4808929,3,,,,POINT (-122.4808929 37.7206483)
65302962,37.7197035,-122.4798037,3,,,,POINT (-122.4798037 37.7197035)
65302964,37.7194798,-122.4798926,3,,,,POINT (-122.4798926 37.7194798)
65302966,37.7195677,-122.4795918,3,,,,POINT (-122.4795918 37.7195677)
65302968,37.7186005,-122.4784746,3,,,,POINT (-122.4784746 37.7186005)
65302973,37.7194362,-122.4797634,3,,,,POINT (-122.4797634 37.7194362)
65302974,37.7196208,-122.4799244,3,,,,POINT (-122.4799244 37.7196208)
65302975,37.7205559,-122.4810185,3,,,,POINT (-122.4810185 37.7205559)
65302981,37.7217134,-122.4821252,3,,,,POINT (-122.4821252 37.7217134)
65302989,37.7227908,-122.483417,3,,,,POINT (-122.483417 37.7227908)
65302997,37.72398,-122.4847411,3,,,,POINT (-122.4847411 37.72398)
65303011,37.7151004,-122.4730179,3,,,,POINT (-122.4730179 37.7151004)
65303021,37.7166805,-122.4758855,3,,,,POINT (-122.4758855 37.7166805)
65303024,37.7167733,-122.4760999,3,,,,POINT (-122.4760999 37.7167733)
65303032,37.7169233,-122.4759557,3,,,,POINT (-122.4759557 37.7169233)
65303034,37.716776,-122.4757869,3,,,,POINT (-122.4757869 37.716776)
65303045,37.715016,-122.4731195,3,,,,POINT (-122.4731195 37.715016)
65303047,37.7149782,-122.4728716,3,,,,POINT (-122.4728716 37.7149782)
65303053,37.7143932,-122.4717576,3,,,,POINT (-122.4717576 37.7143932)
65303063,37.7149164,-122.4729286,3,,,,POINT (-122.4729286 37.7149164)
65303428,37.7086713,-122.4666108,3,,,,POINT (-122.4666108 37.7086713)
65304983,37.7309453,-122.4905318,3,,,,POINT (-122.4905318 37.7309453)
65305723,37.7129202,-122.4679983,1,turning_circle,,,POINT (-122.4679983 37.7129202)
65305725,37.7142714,-122.4680132,4,,,,POINT (-122.4680132 37.7142714)
65305727,37.7161089,-122.468022,4,stop,,,POINT (-122.468022 37.7161089)
65305729,37.717896,-122.468042,4,stop,,,POINT (-122.468042 37.717896)
65305916,37.7216468,-122.4717273,4,,,,POINT (-122.4717273 37.7216468)
65305922,37.7237202,-122.471311,4,stop,,,POINT (-122.471311 37.7237202)
65305937,37.7301112,-122.4721937,5,,,,POINT (-122.4721937 37.7301112)
65305941,37.7301261,-122.4726793,3,,,,POINT (-122.4726793 37.7301261)
65305947,37.7306716,-122.473345,3,,,,POINT (-122.473345 37.7306716)
65305959,37.7304974,-122.474776,3,traffic_signals,,,POINT (-122.474776 37.7304974)
65306402,37.7286528,-122.4732123,3,,,,POINT (-122.4732123 37.7286528)
65306421,37.7268641,-122.4733403,4,,,,POINT (-122.4733403 37.7268641)
65306426,37.7253846,-122.4733277,3,,,,POINT (-122.4733277 37.7253846)
65306600,37.7426307,-122.4853511,4,,,,POINT (-122.4853511 37.7426307)
65306602,37.7407648,-122.4852203,4,,,,POINT (-122.4852203 37.7407648)
65306604,37.738904,-122.4850899,4,,,,POINT (-122.4850899 37.738904)
65307202,37.746171,-122.4899001,4,,,,POINT (-122.4899001 37.746171)
65307205,37.7424416,-122.4896417,4,,,,POINT (-122.4896417 37.7424416)
65307208,37.7405756,-122.489508,4,,,,POINT (-122.489508 37.7405756)
65307543,37.7200684,-122.4759141,3,,,,POINT (-122.4759141 37.7200684)
65307545,37.7200812,-122.477079,4,,,,POINT (-122.477079 37.7200812)
65307547,37.7201214,-122.4780557,3,,,,POINT (-122.4780557 37.7201214)
65307550,37.7201344,-122.4790142,3,,,,POINT (-122.4790142 37.7201344)
65307563,37.7190564,-122.4814292,3,,,,POINT (-122.4814292 37.7190564)
65307567,37.7191094,-122.4830894,3,,,,POINT (-122.4830894 37.7191094)
65308198,37.708672,-122.4692916,4,,,,POINT (-122.4692916 37.708672)
65309568,37.7324757,-122.4810108,4,stop,,,POINT (-122.4810108 37.7324757)
65309583,37.742772,-122.4821422,4,,,,POINT (-122.4821422 37.742772)
65309586,37.7409064,-122.4820109,4,,,,POINT (-122.4820109 37.7409064)
65309588,37.7390442,-122.4818799,4,,,,POINT (-122.4818799 37.7390442)
65309770,37.745509,-122.5048994,4,stop,,,POINT (-122.5048994 37.745509)
65309772,37.741781,-122.504638,5,stop,,,POINT (-122.504638 37.741781)
65309774,37.7399137,-122.5045074,4,stop,,,POINT (-122.5045074 37.7399137)
65309776,37.7380507,-122.5043749,4,stop,,,POINT (-122.5043749 37.7380507)
65309778,37.7355616,-122.5042025,3,,,,POINT (-122.5042025 37.7355616)
65309852,37.7349479,-122.4662722,4,,,,POINT (-122.4662722 37.7349479)
65309863,37.7346623,-122.4710917,3,,,,POINT (-122.4710917 37.7346623)
65309866,37.7347564,-122.4705135,3,,,,POINT (-122.4705135 37.7347564)
65310657,37.7461237,-122.4909703,4,,,,POINT (-122.4909703 37.7461237)
65310660,37.7460291,-122.4931142,4,,,,POINT (-122.4931142 37.7460291)
65310662,37.7459819,-122.4941856,4,,,,POINT (-122.4941856 37.7459819)
65310665,37.7458873,-122.4963289,3,,,,POINT (-122.4963289 37.7458873)
65310667,37.74584,-122.4974003,4,stop,,,POINT (-122.4974003 37.74584)
65310670,37.7457928,-122.4984705,4,stop,,,POINT (-122.4984705 37.7457928)
65310673,37.7457455,-122.4995412,4,stop,,,POINT (-122.4995412 37.7457455)
65310675,37.7456982,-122.5006127,4,,,,POINT (-122.5006127 37.7456982)
65310678,37.7456036,-122.5027573,4,stop,,,POINT (-122.5027573 37.7456036)
65310680,37.7455563,-122.5038296,4,,,,POINT (-122.5038296 37.7455563)
65310684,37.7454617,-122.505971,4,,,,POINT (-122.505971 37.7454617)
65310688,37.7454145,-122.5070421,4,,,,POINT (-122.5070421 37.7454145)
65310690,37.7453959,-122.5074634,3,stop,,,POINT (-122.5074634 37.7453959)
65310872,37.7336171,-122.4717982,3,,,,POINT (-122.4717982 37.7336171)
65310877,37.7338638,-122.472021,3,,,,POINT (-122.472021 37.7338638)
65310894,37.7316733,-122.4732184,3,,,,POINT (-122.4732184 37.7316733)
65311274,37.71068,-122.4693156,5,stop,,,POINT (-122.4693156 37.71068)
65311377,37.7099337,-122.470432,3,,,,POINT (-122.470432 37.7099337)
65311390,37.7110169,-122.4684485,3,,,,POINT (-122.4684485 37.7110169)
65311401,37.7116629,-122.4661907,3,,,,POINT (-122.4661907 37.7116629)
65312089,37.7106737,-122.4661975,4,stop,,,POINT (-122.4661975 37.7106737)
65312094,37.7096893,-122.4679144,1,turning_circle,,,POINT (-122.4679144 37.7096893)
65312142,37.7267844,-122.466097,4,,,,POINT (-122.466097 37.7267844)
65312605,37.7116554,-122.4732815,1,,,,POINT (-122.4732815 37.7116554)
65313263,37.7379734,-122.4690326,5,,,,POINT (-122.4690326 37.7379734)
65314286,37.7379584,-122.4675409,3,,,,POINT (-122.4675409 37.7379584)
65314293,37.7374027,-122.4657433,4,,,,POINT (-122.4657433 37.7374027)
65314788,37.734793,-122.469702,4,,,,POINT (-122.469702 37.734793)
65314792,37.7349081,-122.4671534,4,,,,POINT (-122.4671534 37.7349081)
65315046,37.7331622,-122.4704517,4,,,,POINT (-122.4704517 37.7331622)
65315055,37.7331319,-122.4695731,4,,,,POINT (-122.4695731 37.7331319)
65315071,37.7330728,-122.4678609,4,,,,POINT (-122.4678609 37.7330728)
65315076,37.7330433,-122.4670085,4,,,,POINT (-122.4670085 37.7330433)
65315986,37.7195545,-122.474722,3,,,,POINT (-122.474722 37.7195545)
65316006,37.721091,-122.4751125,4,traffic_signals,,,POINT (-122.4751125 37.721091)
65316014,37.7249145,-122.4749099,3,,,,POINT (-122.4749099 37.7249145)
65316021,37.7269885,-122.4750515,4,,,,POINT (-122.4750515 37.7269885)
65316105,37.7430548,-122.475723,4,traffic_signals,,,POINT (-122.475723 37.7430548)
65316115,37.741188,-122.4756285,4,traffic_signals,,,POINT (-122.4756285 37.741188)
65316123,37.739324,-122.4754991,4,traffic_signals,,,POINT (-122.4754991 37.739324)
65316139,37.7347305,-122.4752293,4,,,,POINT (-122.4752293 37.7347305)
65316146,37.7324922,-122.4750357,4,traffic_signals,,,POINT (-122.4750357 37.7324922)
65316155,37.7310828,-122.4749466,4,traffic_signals,,,POINT (-122.4749466 37.7310828)
65316172,37.728906,-122.4749323,3,,,,POINT (-122.4749323 37.728906)
65316301,37.7256971,-122.4751053,3,,,,POINT (-122.4751053 37.7256971)
65316314,37.719828,-122.4752128,3,,,,POINT (-122.4752128 37.719828)
65316336,37.7148515,-122.4703659,3,,,,POINT (-122.4703659 37.7148515)
65316342,37.7142914,-122.4697766,5,,,,POINT (-122.4697766 37.7142914)
65316798,37.7174496,-122.4777485,3,,,,POINT (-122.4777485 37.7174496)
65316801,37.7175028,-122.4781241,3,,,,POINT (-122.4781241 37.7175028)
65316806,37.7179039,-122.4786707,3,,,,POINT (-122.4786707 37.7179039)
65316813,37.7184783,-122.4786543,3,,,,POINT (-122.4786543 37.7184783)
65316818,37.7186772,-122.4781255,3,,,,POINT (-122.4781255 37.7186772)
65316820,37.718581,-122.4777494,3,,,,POINT (-122.4777494 37.718581)
65316821,37.7183039,-122.4773582,3,,,,POINT (-122.4773582 37.7183039)
65316823,37.7180142,-122.4771928,3,,,,POINT (-122.4771928 37.7180142)
65316826,37.7177277,-122.4772543,3,,,,POINT (-122.4772543 37.7177277)
65316829,37.7175718,-122.4774093,3,,,,POINT (-122.4774093 37.7175718)
65316976,37.721668,-122.466588,3,,,,POINT (-122.466588 37.721668)
65317020,37.7095879,-122.4688552,1,,,,POINT (-122.4688552 37.7095879)
65317270,37.7346298,-122.4793951,3,traffic_signals,,,POINT (-122.4793951 37.7346298)
65317279,37.7354218,-122.4824326,3,,,,POINT (-122.4824326 37.7354218)
65317286,37.7352803,-122.4841512,3,,,,POINT (-122.4841512 37.7352803)
65317294,37.7350016,-122.4860765,3,,,,POINT (-122.4860765 37.7350016)
65317305,37.7351752,-122.4884675,3,,,,POINT (-122.4884675 37.7351752)
65317312,37.7356208,-122.4902601,3,,,,POINT (-122.4902601 37.7356208)
65318451,37.7228348,-122.4692691,3,,,,POINT (-122.4692691 37.7228348)
65318455,37.723185,-122.4701965,3,,,,POINT (-122.4701965 37.723185)
65318460,37.7237456,-122.4718684,4,,,,POINT (-122.4718684 37.7237456)
65318464,37.7237556,-122.4721618,3,,,,POINT (-122.4721618 37.7237556)
65318544,37.7425834,-122.4864249,4,,,,POINT (-122.4864249 37.7425834)
65318546,37.7407174,-122.4862945,4,,,,POINT (-122.4862945 37.7407174)
65318549,37.7388571,-122.4861644,3,,,,POINT (-122.4861644 37.7388571)
65319467,37.7319426,-122.4931444,4,,,,POINT (-122.4931444 37.7319426)
65319491,37.7292454,-122.4912927,3,,,,POINT (-122.4912927 37.7292454)
65319493,37.729774,-122.4907583,4,,,,POINT (-122.4907583 37.729774)
65319504,37.7305434,-122.4889749,3,,,,POINT (-122.4889749 37.7305434)
65319506,37.7298083,-122.4865468,3,,,,POINT (-122.4865468 37.7298083)
65319692,37.7277615,-122.4673001,4,,,,POINT (-122.4673001 37.7277615)
65319707,37.7270665,-122.4692688,4,,,,POINT (-122.4692688 37.7270665)
65319828,37.7439598,-122.4725528,3,,,,POINT (-122.4725528 37.7439598)
65319846,37.7431967,-122.4725001,4,,,,POINT (-122.4725001 37.7431967)
65319849,37.7413315,-122.4723694,4,,,,POINT (-122.4723694 37.7413315)
65319853,37.7394651,-122.4722386,4,,,,POINT (-122.4722386 37.7394651)
65320136,37.742489,-122.4885672,4,,,,POINT (-122.4885672 37.742489)
65320139,37.7406228,-122.4884364,4,,,,POINT (-122.4884364 37.7406228)
65320154,37.7376411,-122.488435,3,,,,POINT (-122.488435 37.7376411)
65320234,37.7417305,-122.5069699,3,,,,POINT (-122.5069699 37.7417305)
65320239,37.7398173,-122.5066893,3,stop,,,POINT (-122.5066893 37.7398173)
65320241,37.7379584,-122.5064642,3,stop,,,POINT (-122.5064642 37.7379584)
65320244,37.7355774,-122.5061475,3,,,,POINT (-122.5061475 37.7355774)
65320327,37.7252371,-122.5030827,3,,,,POINT (-122.5030827 37.7252371)
65320652,37.710659,-122.4704392,4,,,,POINT (-122.4704392 37.710659)
65320655,37.7106588,-122.4710829,3,,,,POINT (-122.4710829 37.7106588)
65321779,37.7245839,-122.4734459,3,,,,POINT (-122.4734459 37.7245839)
65321791,37.7214096,-122.4736636,4,,,,POINT (-122.4736636 37.7214096)
65321796,37.7199723,-122.4736276,3,,,,POINT (-122.4736276 37.7199723)
65321802,37.7187415,-122.4728111,3,,,,POINT (-122.4728111 37.7187415)
65321805,37.7185356,-122.4726145,3,,,,POINT (-122.4726145 37.7185356)
65322025,37.7272234,-122.4666681,6,traffic_signals,,,POINT (-122.4666681 37.7272234)
65322161,37.7417338,-122.505709,4,stop,,,POINT (-122.505709 37.7417338)
65322163,37.7398664,-122.5055788,4,stop,,,POINT (-122.5055788 37.7398664)
65322168,37.7355613,-122.5052772,4,traffic_signals,,,POINT (-122.5052772 37.7355613)
65322468,37.7324369,-122.4818932,4,,,,POINT (-122.4818932 37.7324369)
65322480,37.7427248,-122.4832129,4,,,,POINT (-122.4832129 37.7427248)
65322482,37.7408591,-122.4830825,4,,,,POINT (-122.4830825 37.7408591)
65324074,37.73182,-122.4678605,4,stop,,,POINT (-122.4678605 37.73182)
65324083,37.729609,-122.4686302,3,,,,POINT (-122.4686302 37.729609)
65325172,37.7276253,-122.4716858,3,,,,POINT (-122.4716858 37.7276253)
65325177,37.7278896,-122.4710605,1,turning_circle,,,POINT (-122.4710605 37.7278896)
65326371,37.7274526,-122.4689845,2,,,,POINT (-122.4689845 37.7274526)
65326383,37.7282121,-122.4690918,2,,,,POINT (-122.4690918 37.7282121)
65326392,37.7262985,-122.469193,4,stop,,,POINT (-122.469193 37.7262985)
65326405,37.7287679,-122.4693493,4,,,,POINT (-122.4693493 37.7287679)
65326422,37.7297856,-122.4715572,3,,,,POINT (-122.4715572 37.7297856)
65326424,37.7297968,-122.4718384,3,,,,POINT (-122.4718384 37.7297968)
65327417,37.7360463,-122.4742225,1,,,,POINT (-122.4742225 37.7360463)
65327955,37.7410713,-122.4661567,3,,,,POINT (-122.4661567 37.7410713)
65328478,37.7425362,-122.4874958,4,,,,POINT (-122.4874958 37.7425362)
65328485,37.7406701,-122.4873653,4,,,,POINT (-122.4873653 37.7406701)
65328488,37.7388103,-122.4872352,4,,,,POINT (-122.4872352 37.7388103)
65328500,37.7376378,-122.4875392,3,,,,POINT (-122.4875392 37.7376378)
65329159,37.7300819,-122.4759686,5,,,,POINT (-122.4759686 37.7300819)
65329238,37.725506,-122.4758387,3,,,,POINT (-122.4758387 37.725506)
65329277,37.7347941,-122.4885701,3,,,,POINT (-122.4885701 37.7347941)
65329578,37.7421586,-122.4960682,4,,,,POINT (-122.4960682 37.7421586)
65329581,37.7402918,-122.4959376,4,stop,,,POINT (-122.4959376 37.7402918)
65329583,37.7384285,-122.4958073,4,,,,POINT (-122.4958073 37.7384285)
65329585,37.7347133,-122.4955475,3,,,,POINT (-122.4955475 37.7347133)
65329597,37.7431501,-122.4735584,4,,,,POINT (-122.4735584 37.7431501)
65329600,37.7412843,-122.4734258,4,,,,POINT (-122.4734258 37.7412843)
65329602,37.7394194,-122.4732986,4,,,,POINT (-122.4732986 37.7394194)
65329866,37.7346629,-122.4723766,4,,,,POINT (-122.4723766 37.7346629)
65329876,37.7337425,-122.4731891,3,,,,POINT (-122.4731891 37.7337425)
65329911,37.7410008,-122.4798691,4,,,,POINT (-122.4798691 37.7410008)
65329919,37.7391377,-122.4797385,4,,,,POINT (-122.4797385 37.7391377)
65329934,37.7325531,-122.4792502,4,,,,POINT (-122.4792502 37.7325531)
65329950,37.7371337,-122.4673076,3,,,,POINT (-122.4673076 37.7371337)
65329952,37.736692,-122.4661179,4,,,,POINT (-122.4661179 37.736692)
65329990,37.7240837,-122.4742596,3,,,,POINT (-122.4742596 37.7240837)
65329996,37.7212419,-122.4745384,4,,,,POINT (-122.4745384 37.7212419)
65330008,37.7419705,-122.5003505,4,stop,,,POINT (-122.5003505 37.7419705)
65330010,37.7401029,-122.50022,4,stop,,,POINT (-122.50022 37.7401029)
65330013,37.7382397,-122.5000893,4,stop,,,POINT (-122.5000893 37.7382397)
65330018,37.7349071,-122.5000996,3,,,,POINT (-122.5000996 37.7349071)
65330298,37.714285,-122.466219,4,stop,,,POINT (-122.466219 37.714285)
65330300,37.7142649,-122.4689151,4,,,,POINT (-122.4689151 37.7142649)
65330304,37.7142769,-122.4704846,4,,,,POINT (-122.4704846 37.7142769)
65330783,37.7212011,-122.4843017,3,,,,POINT (-122.4843017 37.7212011)
65330789,37.7209466,-122.4847121,3,,,,POINT (-122.4847121 37.7209466)
65330797,37.7198454,-122.484755,3,,,,POINT (-122.484755 37.7198454)
65330829,37.7154875,-122.4833191,3,,,,POINT (-122.4833191 37.7154875)
65330886,37.7198419,-122.48464,3,,,,POINT (-122.48464 37.7198419)
65332285,37.721657,-122.46866,3,,,,POINT (-122.46866 37.721657)
65332289,37.7235086,-122.46773,4,,,,POINT (-122.46773 37.7235086)
65332297,37.7255754,-122.4673411,3,,,,POINT (-122.4673411 37.7255754)
65332458,37.7361932,-122.4699617,3,,,,POINT (-122.4699617 37.7361932)
65332459,37.7354577,-122.4708611,3,,,,POINT (-122.4708611 37.7354577)
65332476,37.7361481,-122.4698977,3,,,,POINT (-122.4698977 37.7361481)
65332922,37.7129444,-122.4662024,1,turning_circle,,,POINT (-122.4662024 37.7129444)
65332924,37.7161203,-122.46622,3,stop,,,POINT (-122.46622 37.7161203)
65332940,37.7288033,-122.4720646,3,,,,POINT (-122.4720646 37.7288033)
65332942,37.7288085,-122.4722648,4,,,,POINT (-122.4722648 37.7288085)
65332964,37.7268962,-122.4742346,4,,,,POINT (-122.4742346 37.7268962)
65332985,37.7255653,-122.4724382,3,,,,POINT (-122.4724382 37.7255653)
65333095,37.7312116,-122.4897032,3,,,,POINT (-122.4897032 37.7312116)
65333152,37.7423946,-122.4907092,4,,,,POINT (-122.4907092 37.7423946)
65333155,37.7405284,-122.4905786,4,,,,POINT (-122.4905786 37.7405284)
65333157,37.7386677,-122.4904483,4,,,,POINT (-122.4904483 37.7386677)
65333235,37.7378101,-122.4812707,1,,,,POINT (-122.4812707 37.7378101)
65335446,37.7178883,-122.468941,4,stop,,,POINT (-122.468941 37.7178883)
65335448,37.7178807,-122.46984,4,stop,,,POINT (-122.46984 37.7178807)
65335451,37.7178731,-122.470737,4,stop,,,POINT (-122.470737 37.7178731)
65335454,37.7178654,-122.4716595,4,stop,,,POINT (-122.4716595 37.7178654)
65336367,37.719793,-122.483059,3,,,,POINT (-122.483059 37.719793)
65337322,37.721726,-122.4825056,3,,,,POINT (-122.4825056 37.721726)
65337327,37.7213176,-122.482966,3,,,,POINT (-122.482966 37.7213176)
65337329,37.7204499,-122.4830239,3,,,,POINT (-122.4830239 37.7204499)
65337333,37.7179488,-122.483178,3,,,,POINT (-122.483178 37.7179488)
65337335,37.7165375,-122.4832599,3,,,,POINT (-122.4832599 37.7165375)
65337883,37.744967,-122.466255,3,,,,POINT (-122.466255 37.744967)
65337886,37.744862,-122.4675098,1,turning_circle,,,POINT (-122.4675098 37.744862)
65340446,37.7449476,-122.4692929,1,,,,POINT (-122.4692929 37.7449476)
65340451,37.743342,-122.4691826,4,,,,POINT (-122.4691826 37.743342)
65340883,37.734585,-122.4741343,3,,,,POINT (-122.4741343 37.734585)
65340889,37.7324155,-122.4739865,3,,,,POINT (-122.4739865 37.7324155)
65340911,37.7400331,-122.4682399,3,,,,POINT (-122.4682399 37.7400331)
65340921,37.7398619,-122.4691999,3,,,,POINT (-122.4691999 37.7398619)
65340931,37.7395715,-122.4699961,4,,,,POINT (-122.4699961 37.7395715)
65340935,37.7395174,-122.4711006,4,,,,POINT (-122.4711006 37.7395174)
65340939,37.7393716,-122.4743641,4,,,,POINT (-122.4743641 37.7393716)
65340947,37.739278,-122.4765247,4,,,,POINT (-122.4765247 37.739278)
65340952,37.7392312,-122.477596,4,,,,POINT (-122.477596 37.7392312)
65340956,37.7391844,-122.4786665,4,,,,POINT (-122.4786665 37.7391844)
65340959,37.7385731,-122.4925912,4,,,,POINT (-122.4925912 37.7385731)
65340962,37.7385227,-122.4936732,4,,,,POINT (-122.4936732 37.7385227)
65340964,37.7383813,-122.4968777,4,stop,,,POINT (-122.4968777 37.7383813)
65340967,37.7383342,-122.4979473,4,stop,,,POINT (-122.4979473 37.7383342)
65340970,37.7382869,-122.4990186,3,stop,,,POINT (-122.4990186 37.7382869)
65340972,37.7381451,-122.5022344,4,,,,POINT (-122.5022344 37.7381451)
65340973,37.7380978,-122.5033075,4,stop,,,POINT (-122.5033075 37.7380978)
65341568,37.7421114,-122.4971389,5,,,,POINT (-122.4971389 37.7421114)
65341569,37.7402446,-122.4970082,4,,,,POINT (-122.4970082 37.7402446)
65341574,37.7346678,-122.4966174,4,,,,POINT (-122.4966174 37.7346678)
65341610,37.7431024,-122.4746411,4,,,,POINT (-122.4746411 37.7431024)
65341614,37.7412372,-122.4745108,4,,,,POINT (-122.4745108 37.7412372)
65342004,37.7290478,-122.4681403,3,,,,POINT (-122.4681403 37.7290478)
65342015,37.7292134,-122.4682325,3,,,,POINT (-122.4682325 37.7292134)
65342038,37.7304708,-122.4705136,3,,,,POINT (-122.4705136 37.7304708)
65342045,37.7310323,-122.4716672,4,traffic_signals,,,POINT (-122.4716672 37.7310323)
65342049,37.7312273,-122.4722228,6,,,,POINT (-122.4722228 37.7312273)
65342051,37.7321209,-122.4742163,3,,,,POINT (-122.4742163 37.7321209)
65342056,37.7326931,-122.4760632,4,stop,,,POINT (-122.4760632 37.7326931)
65342058,37.7326532,-122.4769708,4,,,,POINT (-122.4769708 37.7326532)
65342062,37.7326124,-122.4778992,4,stop,,,POINT (-122.4778992 37.7326124)
65342069,37.7323597,-122.4836512,4,stop,,,POINT (-122.4836512 37.7323597)
65342071,37.732321,-122.4845323,4,,,,POINT (-122.4845323 37.732321)
65342074,37.7322823,-122.485412,4,,,,POINT (-122.485412 37.7322823)
65342076,37.7322435,-122.4862948,4,stop,,,POINT (-122.4862948 37.7322435)
65342081,37.7322049,-122.4871742,4,,,,POINT (-122.4871742 37.7322049)
65342084,37.7321662,-122.4880557,4,,,,POINT (-122.4880557 37.7321662)
65342088,37.7321283,-122.4889179,4,stop,,,POINT (-122.4889179 37.7321283)
65342098,37.7320168,-122.4914547,4,stop,,,POINT (-122.4914547 37.7320168)
65342101,37.7319795,-122.4923034,4,,,,POINT (-122.4923034 37.7319795)
65342106,37.7318906,-122.4943265,4,,,,POINT (-122.4943265 37.7318906)
65342682,37.7429137,-122.4789268,4,,,,POINT (-122.4789268 37.7429137)
65342686,37.7410481,-122.4787965,4,,,,POINT (-122.4787965 37.7410481)
65342715,37.7345291,-122.4780042,3,,,,POINT (-122.4780042 37.7345291)
65342742,37.7420171,-122.49928,6,,,,POINT (-122.49928 37.7420171)
65342744,37.7401501,-122.4991492,4,stop,,,POINT (-122.4991492 37.7401501)
65342811,37.7086819,-122.4704214,3,,,,POINT (-122.4704214 37.7086819)
65342814,37.7086823,-122.4708458,1,,,,POINT (-122.4708458 37.7086823)
65342995,37.720399,-122.481354,4,,,,POINT (-122.481354 37.720399)
65343306,37.7313152,-122.4979205,4,,,,POINT (-122.4979205 37.7313152)
65344130,37.716092,-122.4707144,4,,,,POINT (-122.4707144 37.716092)
65346130,37.7295624,-122.486668,3,,,,POINT (-122.486668 37.7295624)
65346164,37.7270373,-122.4840395,3,,,,POINT (-122.4840395 37.7270373)
65346168,37.7266785,-122.4839076,3,,,,POINT (-122.4839076 37.7266785)
65346174,37.7248904,-122.4846606,4,,,,POINT (-122.4846606 37.7248904)
65346254,37.7086704,-122.4854397,3,,,,POINT (-122.4854397 37.7086704)
65346331,37.727679,-122.4841418,3,,,,POINT (-122.4841418 37.727679)
65347159,37.7119117,-122.4684596,1,,,,POINT (-122.4684596 37.7119117)
65347199,37.7301066,-122.4950394,3,,,,POINT (-122.4950394 37.7301066)
65347558,37.7309675,-122.4879696,3,,,,POINT (-122.4879696 37.7309675)
65347655,37.7208429,-122.4811096,4,,,,POINT (-122.4811096 37.7208429)
65347665,37.7218415,-122.482134,3,,,,POINT (-122.482134 37.7218415)
65347670,37.7218527,-122.4806352,3,,,,POINT (-122.4806352 37.7218527)
65348256,37.7236295,-122.4687481,3,,,,POINT (-122.4687481 37.7236295)
65348517,37.7341672,-122.4864281,3,,,,POINT (-122.4864281 37.7341672)
65348521,37.7308831,-122.4862004,4,stop,,,POINT (-122.4862004 37.7308831)
65348794,37.7285715,-122.4658022,1,,,,POINT (-122.4658022 37.7285715)
65349256,37.7442903,-122.4661642,4,,,,POINT (-122.4661642 37.7442903)
65349387,37.7161033,-122.468918,4,stop,,,POINT (-122.468918 37.7161033)
65349389,37.7160976,-122.469819,4,stop,,,POINT (-122.469819 37.7160976)
65349394,37.7161438,-122.4716022,3,,,,POINT (-122.4716022 37.7161438)
65350300,37.7456975,-122.4657194,3,,,,POINT (-122.4657194 37.7456975)
65350553,37.7401974,-122.4980781,4,stop,,,POINT (-122.4980781 37.7401974)
65350556,37.7346224,-122.497687,3,,,,POINT (-122.497687 37.7346224)
65350687,37.7129822,-122.4693241,1,,,,POINT (-122.4693241 37.7129822)
65350793,37.7269199,-122.4747764,5,,,,POINT (-122.4747764 37.7269199)
65350803,37.7270134,-122.476061,4,,,,POINT (-122.476061 37.7270134)
65351693,37.7429608,-122.4778562,4,,,,POINT (-122.4778562 37.7429608)
65351697,37.7410954,-122.477726,4,,,,POINT (-122.477726 37.7410954)
65351722,37.7347223,-122.4771133,3,,,,POINT (-122.4771133 37.7347223)
65352591,37.728902,-122.471619,4,,,,POINT (-122.471619 37.728902)
65352594,37.7289116,-122.4718846,3,,,,POINT (-122.4718846 37.7289116)
65353229,37.7133921,-122.4704766,1,,,,POINT (-122.4704766 37.7133921)
65353235,37.710211,-122.4704343,1,,,,POINT (-122.4704343 37.710211)
65353303,37.7414978,-122.4685918,4,,,,POINT (-122.4685918 37.7414978)
65353309,37.7414299,-122.4701135,4,,,,POINT (-122.4701135 37.7414299)
65353310,37.741381,-122.47124,4,,,,POINT (-122.47124 37.741381)
65353311,37.7411426,-122.4766549,4,,,,POINT (-122.4766549 37.7411426)
65353313,37.7404337,-122.4927217,4,stop,,,POINT (-122.4927217 37.7404337)
65353316,37.7403864,-122.4937932,4,,,,POINT (-122.4937932 37.7403864)
65353320,37.7400082,-122.502365,4,,,,POINT (-122.502365 37.7400082)
65353322,37.7399609,-122.5034379,4,stop,,,POINT (-122.5034379 37.7399609)
65353553,37.7190095,-122.5001725,4,traffic_signals,,,POINT (-122.5001725 37.7190095)
65353692,37.7189685,-122.5003294,4,traffic_signals,,,POINT (-122.5003294 37.7189685)
65353706,37.7204974,-122.5003592,3,,,,POINT (-122.5003592 37.7204974)
65353728,37.7247669,-122.5029726,3,,,,POINT (-122.5029726 37.7247669)
65354498,37.7168855,-122.4742835,3,,,,POINT (-122.4742835 37.7168855)
65355106,37.7304988,-122.4671273,3,,,,POINT (-122.4671273 37.7304988)
65355540,37.7237261,-122.4952645,1,,,,POINT (-122.4952645 37.7237261)
65355930,37.7352344,-122.4738529,1,,,,POINT (-122.4738529 37.7352344)
65355934,37.7347742,-122.4738161,3,,,,POINT (-122.4738161 37.7347742)
65356368,37.7216541,-122.46974,3,,,,POINT (-122.46974 37.7216541)
65357344,37.7418754,-122.5024959,6,,,,POINT (-122.5024959 37.7418754)
65357346,37.7355085,-122.5020546,3,,,,POINT (-122.5020546 37.7355085)
65358533,37.7350801,-122.4923462,4,,,,POINT (-122.4923462 37.7350801)
65358541,37.7348473,-122.4934214,5,,,,POINT (-122.4934214 37.7348473)
65358626,37.7216568,-122.4722753,4,traffic_signals,,,POINT (-122.4722753 37.7216568)
65358645,37.7309191,-122.4716867,4,traffic_signals,,,POINT (-122.4716867 37.7309191)
65358646,37.7311644,-122.4719731,5,traffic_signals,,,POINT (-122.4719731 37.7311644)
65358669,37.7216516,-122.4719995,4,,,,POINT (-122.4719995 37.7216516)
65358673,37.7212438,-122.4720118,1,,,,POINT (-122.4720118 37.7212438)
65358686,37.7248073,-122.4725837,3,,,,POINT (-122.4725837 37.7248073)
65358701,37.7215802,-122.4726359,5,,,,POINT (-122.4726359 37.7215802)
65358714,37.7319444,-122.4714217,3,,,,POINT (-122.4714217 37.7319444)
65358721,37.7310527,-122.4719712,4,traffic_signals,,,POINT (-122.4719712 37.7310527)
65358739,37.7180455,-122.4726602,3,,,,POINT (-122.4726602 37.7180455)
65358767,37.7092142,-122.4710648,3,motorway_junction,,,POINT (-122.4710648 37.7092142)
65358818,37.7088196,-122.4712691,3,motorway_junction,49,,POINT (-122.4712691 37.7088196)
65359394,37.7193928,-122.4763134,4,,,,POINT (-122.4763134 37.7193928)
65359421,37.7345727,-122.4761936,3,,,,POINT (-122.4761936 37.7345727)
65359424,37.7310986,-122.4759508,5,stop,,,POINT (-122.4759508 37.7310986)
65359469,37.743008,-122.4767851,4,,,,POINT (-122.4767851 37.743008)
65360198,37.7435617,-122.466069,3,,,,POINT (-122.466069 37.7435617)
65360361,37.7319126,-122.4705229,3,,,,POINT (-122.4705229 37.7319126)
65360365,37.7318819,-122.4696393,4,stop,,,POINT (-122.4696393 37.7318819)
65360368,37.7317888,-122.4669636,4,stop,,,POINT (-122.4669636 37.7317888)
65360691,37.7343435,-122.4858848,4,,,,POINT (-122.4858848 37.7343435)
65360755,37.734337,-122.4860302,4,,,,POINT (-122.4860302 37.734337)
65362282,37.7357355,-122.4725597,1,turning_circle,,,POINT (-122.4725597 37.7357355)
65362289,37.7348053,-122.4726548,3,,,,POINT (-122.4726548 37.7348053)
65362314,37.7308226,-122.4870783,3,,,,POINT (-122.4870783 37.7308226)
65362323,37.7312098,-122.4888548,4,stop,,,POINT (-122.4888548 37.7312098)
65362333,37.7307178,-122.4913646,3,,,,POINT (-122.4913646 37.7307178)
65363639,37.7197286,-122.4759734,3,,,,POINT (-122.4759734 37.7197286)
65363646,37.7198066,-122.4760862,3,,,,POINT (-122.4760862 37.7198066)
65364264,37.7340498,-122.4890498,4,,,,POINT (-122.4890498 37.7340498)
65364777,37.7423002,-122.4928527,4,stop,,,POINT (-122.4928527 37.7423002)
65364781,37.7340585,-122.4922739,3,,,,POINT (-122.4922739 37.7340585)
65364837,37.743296,-122.4702341,4,,,,POINT (-122.4702341 37.743296)
65365046,37.7302178,-122.5026507,3,,,,POINT (-122.5026507 37.7302178)
65365439,37.7344102,-122.4991631,4,,,,POINT (-122.4991631 37.7344102)
65365901,37.7434179,-122.4678017,3,,,,POINT (-122.4678017 37.7434179)
65366648,37.7434921,-122.4668642,3,,,,POINT (-122.4668642 37.7434921)
65366846,37.7418282,-122.5035686,6,,,,POINT (-122.5035686 37.7418282)
65369025,37.7385458,-122.4658977,3,,,,POINT (-122.4658977 37.7385458)
65370637,37.743243,-122.4713766,4,,,,POINT (-122.4713766 37.743243)
65370802,37.7458343,-122.4678293,1,turning_circle,,,POINT (-122.4678293 37.7458343)
65372177,37.7266454,-122.4707226,3,,,,POINT (-122.4707226 37.7266454)
65372618,37.7346094,-122.4732518,3,,,,POINT (-122.4732518 37.7346094)
65372728,37.7338879,-122.4965684,3,,,,POINT (-122.4965684 37.7338879)
65375081,37.7383459,-122.4658173,3,,,,POINT (-122.4658173 37.7383459)
258289371,37.7253522,-122.5029247,3,,,,POINT (-122.5029247 37.7253522)
258289605,37.7258569,-122.5040439,3,,,,POINT (-122.5040439 37.7258569)
258755838,37.7332495,-122.4704037,4,,,,POINT (-122.4704037 37.7332495)
258755839,37.7332223,-122.4695898,4,,,,POINT (-122.4695898 37.7332223)
258755840,37.7331927,-122.4687032,4,,,,POINT (-122.4687032 37.7331927)
258755841,37.7331647,-122.4678675,4,,,,POINT (-122.4678675 37.7331647)
258755842,37.7331369,-122.4670308,4,,,,POINT (-122.4670308 37.7331369)
258757444,37.7449234,-122.4757404,4,traffic_signals,,,POINT (-122.4757404 37.7449234)
258757445,37.7430602,-122.4756078,4,traffic_signals,,,POINT (-122.4756078 37.7430602)
258757446,37.7411932,-122.4755083,4,traffic_signals,,,POINT (-122.4755083 37.7411932)
258757447,37.7393284,-122.4753787,4,traffic_signals,,,POINT (-122.4753787 37.7393284)
258757448,37.7374655,-122.475247,3,traffic_signals,,,POINT (-122.475247 37.7374655)
258757449,37.7347274,-122.4750774,4,,,,POINT (-122.4750774 37.7347274)
258757450,37.7310911,-122.4748221,4,traffic_signals,,,POINT (-122.4748221 37.7310911)
258757451,37.7324357,-122.4749083,4,traffic_signals,,,POINT (-122.4749083 37.7324357)
258757483,37.7202629,-122.4753702,4,traffic_signals,,,POINT (-122.4753702 37.7202629)
258757484,37.7209929,-122.4753684,4,traffic_signals,,,POINT (-122.4753684 37.7209929)
258757616,37.7213531,-122.4736698,4,,,,POINT (-122.4736698 37.7213531)
258757617,37.7211911,-122.4745404,4,,,,POINT (-122.4745404 37.7211911)
258757618,37.7210369,-122.475116,4,traffic_signals,,,POINT (-122.475116 37.7210369)
258757619,37.7209427,-122.4753705,4,traffic_signals,,,POINT (-122.4753705 37.7209427)
258757620,37.7207758,-122.4761067,4,,,,POINT (-122.4761067 37.7207758)
258914478,37.7296887,-122.4906153,3,,,,POINT (-122.4906153 37.7296887)
258914480,37.7296686,-122.4866172,4,,,,POINT (-122.4866172 37.7296686)
258914482,37.7270568,-122.4838649,4,,,,POINT (-122.4838649 37.7270568)
258914912,37.7147285,-122.4851971,4,,,,POINT (-122.4851971 37.7147285)
258916766,37.7385029,-122.494122,4,,,,POINT (-122.494122 37.7385029)
258916769,37.7459616,-122.4946444,4,traffic_signals,,,POINT (-122.4946444 37.7459616)
258916780,37.7366577,-122.4939928,4,,,,POINT (-122.4939928 37.7366577)
258916782,37.7440964,-122.4945138,4,,,,POINT (-122.4945138 37.7440964)
258916794,37.7319199,-122.4936608,4,,,,POINT (-122.4936608 37.7319199)
258916797,37.7422328,-122.4943832,4,,,,POINT (-122.4943832 37.7422328)
258916805,37.7403662,-122.4942525,4,,,,POINT (-122.4942525 37.7403662)
258922094,37.7345594,-122.4750634,4,,,,POINT (-122.4750634 37.7345594)
258922097,37.7345576,-122.4751988,4,,,,POINT (-122.4751988 37.7345576)
258922103,37.7344794,-122.4793852,4,traffic_signals,,,POINT (-122.4793852 37.7344794)
258922135,37.7339411,-122.4914549,4,,,,POINT (-122.4914549 37.7339411)
258922152,37.7345494,-122.4771022,4,,,,POINT (-122.4771022 37.7345494)
258922160,37.7341848,-122.4860196,3,,,,POINT (-122.4860196 37.7341848)
258924396,37.73558,-122.506705,2,traffic_signals,,,POINT (-122.506705 37.73558)
258924399,37.7353757,-122.5067354,3,traffic_signals,,,POINT (-122.5067354 37.7353757)
258967500,37.7185756,-122.4847458,4,,,,POINT (-122.4847458 37.7185756)
258967501,37.7183219,-122.4847457,4,,,,POINT (-122.4847457 37.7183219)
258972095,37.7216227,-122.4724494,4,traffic_signals,,,POINT (-122.4724494 37.7216227)
258972096,37.7268216,-122.4721718,4,traffic_signals,,,POINT (-122.4721718 37.7268216)
258972779,37.7114665,-122.4669896,4,traffic_signals,,,POINT (-122.4669896 37.7114665)
259403914,37.7196633,-122.4796357,3,,,,POINT (-122.4796357 37.7196633)
260168259,37.7128674,-122.472788,4,traffic_signals,,,POINT (-122.472788 37.7128674)
260168596,37.7123756,-122.4670957,4,traffic_signals,,,POINT (-122.4670957 37.7123756)
260169463,37.7105398,-122.4693128,4,stop,,,POINT (-122.4693128 37.7105398)
260326754,37.7187502,-122.4997363,3,,,,POINT (-122.4997363 37.7187502)
261499008,37.7269197,-122.4760662,4,,,,POINT (-122.4760662 37.7269197)
263988287,37.7166972,-122.4760397,3,,,,POINT (-122.4760397 37.7166972)
263989180,37.7174593,-122.4726878,4,traffic_signals,,,POINT (-122.4726878 37.7174593)
263990898,37.715333,-122.470828,3,,,,POINT (-122.470828 37.715333)
302912544,37.7338168,-122.4942733,3,,,,POINT (-122.4942733 37.7338168)
303007291,37.7180497,-122.5000551,3,motorway_junction,,,POINT (-122.5000551 37.7180497)
313867819,37.7339057,-122.4956865,3,,,,POINT (-122.4956865 37.7339057)
313867822,37.7338996,-122.4971911,4,,,,POINT (-122.4971911 37.7338996)
313867979,37.733702,-122.49681,4,,,,POINT (-122.49681 37.733702)
313867980,37.733701,-122.4967575,4,,,,POINT (-122.4967575 37.733701)
313867983,37.7337293,-122.4957436,3,,,,POINT (-122.4957436 37.7337293)
313868118,37.733731,-122.496772,4,,,,POINT (-122.496772 37.733731)
313868120,37.7333008,-122.497255,3,,,,POINT (-122.497255 37.7333008)
313868343,37.7333134,-122.4970189,3,motorway_junction,,,POINT (-122.4970189 37.7333134)
313889759,37.72659,-122.5022184,3,crossing,,,POINT (-122.5022184 37.72659)
315412306,37.7270819,-122.4833987,3,,,,POINT (-122.4833987 37.7270819)
315417477,37.7163741,-122.4722961,3,,,,POINT (-122.4722961 37.7163741)
315417482,37.7165256,-122.4720488,3,,,,POINT (-122.4720488 37.7165256)
315420239,37.7195271,-122.4764864,4,,,,POINT (-122.4764864 37.7195271)
315422800,37.7159192,-122.4746262,3,,,,POINT (-122.4746262 37.7159192)
315422929,37.71579,-122.4744182,3,,,,POINT (-122.4744182 37.71579)
315422932,37.7158863,-122.4743195,3,,,,POINT (-122.4743195 37.7158863)
315422935,37.7159693,-122.4743411,3,,,,POINT (-122.4743411 37.7159693)
315422936,37.716012,-122.4743981,3,,,,POINT (-122.4743981 37.716012)
315422939,37.7160144,-122.4745411,3,,,,POINT (-122.4745411 37.7160144)
315423195,37.714903,-122.4729775,3,,,,POINT (-122.4729775 37.714903)
315424198,37.7206578,-122.4812499,3,,,,POINT (-122.4812499 37.7206578)
315424202,37.7206964,-122.4808817,3,,,,POINT (-122.4808817 37.7206964)
315424283,37.7210566,-122.4813688,3,,,,POINT (-122.4813688 37.7210566)
315424559,37.7219281,-122.4823047,3,,,,POINT (-122.4823047 37.7219281)
315424563,37.7216109,-122.4823135,3,,,,POINT (-122.4823135 37.7216109)
315424842,37.7241778,-122.4813454,1,,,,POINT (-122.4813454 37.7241778)
315425700,37.7341146,-122.4717695,3,,,,POINT (-122.4717695 37.7341146)
315429027,37.7348765,-122.467853,3,,,,POINT (-122.467853 37.7348765)
318255177,37.729591,-122.4935507,6,,,,POINT (-122.4935507 37.729591)
318255543,37.7300583,-122.4935265,3,,,,POINT (-122.4935265 37.7300583)
318256096,37.732824,-122.4928182,1,,,,POINT (-122.4928182 37.732824)
318304226,37.7179353,-122.4731721,3,,,,POINT (-122.4731721 37.7179353)
345501667,37.7262965,-122.5027342,3,motorway_junction,,,POINT (-122.5027342 37.7262965)
347808294,37.7160113,-122.4775039,3,,,,POINT (-122.4775039 37.7160113)
356705879,37.7312498,-122.498135,4,,,,POINT (-122.498135 37.7312498)
370813013,37.7084958,-122.4865842,3,,,,POINT (-122.4865842 37.7084958)
388001178,37.731089,-122.4723921,3,,,,POINT (-122.4723921 37.731089)
388001187,37.7308977,-122.4721549,3,,,,POINT (-122.4721549 37.7308977)
388004321,37.7360178,-122.4751576,3,,,,POINT (-122.4751576 37.7360178)
418584220,37.713022,-122.4685514,1,turning_circle,,,POINT (-122.4685514 37.713022)
432780750,37.7272933,-122.4750368,3,,,,POINT (-122.4750368 37.7272933)
434818714,37.7348156,-122.472211,3,,,,POINT (-122.472211 37.7348156)
436969507,37.7347504,-122.4706454,3,,,,POINT (-122.4706454 37.7347504)
469713214,37.734596,-122.4801558,3,,,,POINT (-122.4801558 37.734596)
601336584,37.7178602,-122.4722568,1,,,,POINT (-122.4722568 37.7178602)
612715052,37.7163177,-122.4791149,3,,,,POINT (-122.4791149 37.7163177)
612715733,37.7164339,-122.4791358,3,,,,POINT (-122.4791358 37.7164339)
612715995,37.7163001,-122.4792609,3,,,,POINT (-122.4792609 37.7163001)
612716327,37.716883,-122.479916,3,,,,POINT (-122.479916 37.716883)
612716404,37.7170058,-122.4800622,3,,,,POINT (-122.4800622 37.7170058)
612716525,37.7170006,-122.4799126,3,,,,POINT (-122.4799126 37.7170006)
612723135,37.7128901,-122.472458,3,,,,POINT (-122.472458 37.7128901)
612723533,37.7131649,-122.4727886,3,,,,POINT (-122.4727886 37.7131649)
612724723,37.711458,-122.4712588,3,,,,POINT (-122.4712588 37.711458)
615144100,37.7346804,-122.4709995,3,,,,POINT (-122.4709995 37.7346804)
615144102,37.7347926,-122.4709868,3,,,,POINT (-122.4709868 37.7347926)
615144106,37.7347947,-122.4710465,3,,,,POINT (-122.4710465 37.7347947)
702390031,37.7299979,-122.5027852,1,,,,POINT (-122.5027852 37.7299979)
703334303,37.7267245,-122.5025589,3,,,,POINT (-122.5025589 37.7267245)
741739942,37.7120922,-122.4890604,1,,,,POINT (-122.4890604 37.7120922)
741739944,37.712328,-122.489412,1,,,,POINT (-122.489412 37.712328)
750039531,37.7374295,-122.4911,2,,,,POINT (-122.4911 37.7374295)
761765975,37.7270081,-122.47538,3,,,,POINT (-122.47538 37.7270081)
761766172,37.7272092,-122.4760501,3,,,,POINT (-122.4760501 37.7272092)
761795188,37.7268685,-122.4753289,3,,,,POINT (-122.4753289 37.7268685)
761795205,37.7265196,-122.475061,3,,,,POINT (-122.475061 37.7265196)
761807528,37.7301598,-122.47591,3,,,,POINT (-122.47591 37.7301598)
761807880,37.7301589,-122.4759976,4,,,,POINT (-122.4759976 37.7301589)
999546390,37.7389973,-122.4829524,4,,,,POINT (-122.4829524 37.7389973)
1012942397,37.7141172,-122.4852281,3,,,,POINT (-122.4852281 37.7141172)
1196699108,37.7375361,-122.4817341,1,,,,POINT (-122.4817341 37.7375361)
1196701858,37.7372809,-122.4796083,3,,,,POINT (-122.4796083 37.7372809)
1196702052,37.7350067,-122.4859304,3,,,,POINT (-122.4859304 37.7350067)
1196702794,37.7347197,-122.4797172,1,,,,POINT (-122.4797172 37.7347197)
1196703170,37.7348263,-122.4801148,3,,,,POINT (-122.4801148 37.7348263)
1196715437,37.7268584,-122.4709512,3,,,,POINT (-122.4709512 37.7268584)
1196719915,37.726757,-122.470978,3,,,,POINT (-122.470978 37.726757)
1196749436,37.7300548,-122.4936852,3,,,,POINT (-122.4936852 37.7300548)
1196765186,37.729224,-122.4928411,3,,,,POINT (-122.4928411 37.729224)
1196816836,37.7256628,-122.498929,2,,,,POINT (-122.498929 37.7256628)
1196826498,37.7239595,-122.4850028,4,,,,POINT (-122.4850028 37.7239595)
1196830001,37.7236455,-122.484586,3,,,,POINT (-122.484586 37.7236455)
1196839521,37.7147509,-122.4846749,3,,,,POINT (-122.4846749 37.7147509)
1196840126,37.7146954,-122.4851988,4,,,,POINT (-122.4851988 37.7146954)
1196840143,37.7147117,-122.4852251,4,,,,POINT (-122.4852251 37.7147117)
1196840150,37.7146173,-122.4846777,3,,,,POINT (-122.4846777 37.7146173)
1196841579,37.7157102,-122.485268,3,,,,POINT (-122.485268 37.7157102)
1196844367,37.7154794,-122.4851588,3,,,,POINT (-122.4851588 37.7154794)
1196848008,37.7160774,-122.4851769,3,,,,POINT (-122.4851769 37.7160774)
1196851008,37.7157377,-122.4816374,3,,,,POINT (-122.4816374 37.7157377)
1196875324,37.7162723,-122.4741806,3,,,,POINT (-122.4741806 37.7162723)
1196884882,37.7145114,-122.4732964,3,,,,POINT (-122.4732964 37.7145114)
1201336071,37.7209665,-122.4808194,3,,,,POINT (-122.4808194 37.7209665)
1201336072,37.7209688,-122.4806691,3,,,,POINT (-122.4806691 37.7209688)
1201336180,37.7209135,-122.4790101,3,,,,POINT (-122.4790101 37.7209135)
1201336181,37.7208623,-122.479013,4,,,,POINT (-122.479013 37.7208623)
1201336245,37.7207993,-122.4770495,3,,,,POINT (-122.4770495 37.7207993)
1201336698,37.7203509,-122.4753833,3,traffic_signals,,,POINT (-122.4753833 37.7203509)
1201371532,37.7211612,-122.4829858,4,,,,POINT (-122.4829858 37.7211612)
1201390929,37.7171268,-122.4726925,4,traffic_signals,,,POINT (-122.4726925 37.7171268)
1201417904,37.7174073,-122.4753237,3,,,,POINT (-122.4753237 37.7174073)
1202331695,37.7185785,-122.4848275,4,,,,POINT (-122.4848275 37.7185785)
1202331982,37.7183244,-122.4848252,4,,,,POINT (-122.4848252 37.7183244)
1202332578,37.7212733,-122.4843151,3,,,,POINT (-122.4843151 37.7212733)
1202332599,37.7209763,-122.484822,3,,,,POINT (-122.484822 37.7209763)
1350167104,37.7130245,-122.4721894,3,,,,POINT (-122.4721894 37.7130245)
1366462491,37.7297052,-122.4687838,3,,,,POINT (-122.4687838 37.7297052)
1472108313,37.7292277,-122.493059,3,,,,POINT (-122.493059 37.7292277)
1606208575,37.7270106,-122.4754413,3,,,,POINT (-122.4754413 37.7270106)
1606434388,37.7303374,-122.4719813,3,,,,POINT (-122.4719813 37.7303374)
1606434399,37.7298683,-122.4720079,3,,,,POINT (-122.4720079 37.7298683)
1607089611,37.7216561,-122.4689877,3,,,,POINT (-122.4689877 37.7216561)
1607089625,37.7179112,-122.466247,3,stop,,,POINT (-122.466247 37.7179112)
1607089626,37.7216512,-122.4707848,4,,,,POINT (-122.4707848 37.7216512)
1607089647,37.7216537,-122.4698849,3,,,,POINT (-122.4698849 37.7216537)
1607089648,37.7161146,-122.467122,3,stop,,,POINT (-122.467122 37.7161146)
1607089652,37.7216586,-122.468083,3,stop,,,POINT (-122.468083 37.7216586)
1607089656,37.7179036,-122.4671476,3,,,,POINT (-122.4671476 37.7179036)
1607089658,37.7216698,-122.4662854,3,,,,POINT (-122.4662854 37.7216698)
1707842763,37.7415126,-122.4676328,4,,,,POINT (-122.4676328 37.7415126)
1707842829,37.7354081,-122.5052639,3,traffic_signals,,,POINT (-122.5052639 37.7354081)
1707875140,37.7380167,-122.4690901,5,,,,POINT (-122.4690901 37.7380167)
1707875210,37.7409316,-122.4659074,3,,,,POINT (-122.4659074 37.7409316)
1707875211,37.7366258,-122.4706236,5,stop,,,POINT (-122.4706236 37.7366258)
1707875215,37.7357641,-122.4710009,3,,,,POINT (-122.4710009 37.7357641)
1707875243,37.7397147,-122.4669669,4,traffic_signals,,,POINT (-122.4669669 37.7397147)
1707875255,37.7368868,-122.4703883,3,,,,POINT (-122.4703883 37.7368868)
1707875306,37.7365814,-122.4705536,4,stop,,,POINT (-122.4705536 37.7365814)
1707875334,37.7397465,-122.467045,4,traffic_signals,,,POINT (-122.467045 37.7397465)
1707875337,37.740877,-122.4657926,3,,,,POINT (-122.4657926 37.740877)
1711226132,37.7276879,-122.4672248,3,,,,POINT (-122.4672248 37.7276879)
1711226144,37.7289162,-122.46807,3,,,,POINT (-122.46807 37.7289162)
1714229537,37.7349044,-122.4714566,4,,,,POINT (-122.4714566 37.7349044)
1714229542,37.7348205,-122.4715451,4,,,,POINT (-122.4715451 37.7348205)
1714229567,37.7348002,-122.4714406,5,,,,POINT (-122.4714406 37.7348002)
1714229763,37.7346887,-122.4714635,4,,,,POINT (-122.4714635 37.7346887)
1714229778,37.7350056,-122.4712162,3,crossing,,,POINT (-122.4712162 37.7350056)
1735947596,37.7334008,-122.4658651,3,,,,POINT (-122.4658651 37.7334008)
1735954074,37.7331932,-122.4713535,3,,,,POINT (-122.4713535 37.7331932)
1735954082,37.7332814,-122.4713479,3,,,,POINT (-122.4713479 37.7332814)
1777579525,37.7259515,-122.4666177,3,,,,POINT (-122.4666177 37.7259515)
1777579938,37.7259336,-122.4711963,3,,,,POINT (-122.4711963 37.7259336)
1777579942,37.7257186,-122.4707696,3,,,,POINT (-122.4707696 37.7257186)
1777583588,37.7257315,-122.4687632,3,,,,POINT (-122.4687632 37.7257315)
1809551380,37.7339649,-122.4944159,3,,,,POINT (-122.4944159 37.7339649)
1809552695,37.7351016,-122.4940386,3,,,,POINT (-122.4940386 37.7351016)
1809552699,37.7351145,-122.4938855,3,,,,POINT (-122.4938855 37.7351145)
2131460978,37.7337286,-122.4972036,3,,,,POINT (-122.4972036 37.7337286)
2287779377,37.7450452,-122.4729518,4,,,,POINT (-122.4729518 37.7450452)
2287779381,37.7450782,-122.4722033,4,,,,POINT (-122.4722033 37.7450782)
2315778209,37.7349622,-122.4659564,3,,,,POINT (-122.4659564 37.7349622)
2315778415,37.7311439,-122.471655,3,,,,POINT (-122.471655 37.7311439)
2420468425,37.7347645,-122.4679821,3,,,,POINT (-122.4679821 37.7347645)
2420468437,37.7349781,-122.4679974,3,,,,POINT (-122.4679974 37.7349781)
2420468442,37.7348643,-122.4681231,3,,,,POINT (-122.4681231 37.7348643)
2456996785,37.7282351,-122.4787183,6,stop,,,POINT (-122.4787183 37.7282351)
2463394108,37.7332094,-122.4657308,4,,,,POINT (-122.4657308 37.7332094)
2487283192,37.7239916,-122.4851404,3,,,,POINT (-122.4851404 37.7239916)
2487283194,37.7240727,-122.484976,4,,,,POINT (-122.484976 37.7240727)
2487283195,37.7241024,-122.485117,3,,,,POINT (-122.485117 37.7241024)
2630856793,37.7342662,-122.4992657,3,,,,POINT (-122.4992657 37.7342662)
2630856835,37.733773,-122.4975581,3,,,,POINT (-122.4975581 37.733773)
2630856848,37.7351505,-122.5011293,3,,,,POINT (-122.5011293 37.7351505)
2630856883,37.7354091,-122.5031201,3,traffic_signals,,,POINT (-122.5031201 37.7354091)
2630856888,37.7355627,-122.5031302,4,traffic_signals,,,POINT (-122.5031302 37.7355627)
2715894998,37.722995,-122.4836168,3,,,,POINT (-122.4836168 37.722995)
2716299656,37.7236596,-122.4803927,3,,,,POINT (-122.4803927 37.7236596)
2726255230,37.7254459,-122.4806158,2,,,,POINT (-122.4806158 37.7254459)
2726255253,37.7243995,-122.4770942,3,,,,POINT (-122.4770942 37.7243995)
2726269055,37.7237535,-122.4803678,3,,,,POINT (-122.4803678 37.7237535)
2726269066,37.7243391,-122.4767093,3,,,,POINT (-122.4767093 37.7243391)
2899908787,37.7108677,-122.4685064,3,,,,POINT (-122.4685064 37.7108677)
2899908796,37.7110964,-122.4682456,3,,,,POINT (-122.4682456 37.7110964)
2909552124,37.7203931,-122.4751518,3,traffic_signals,,,POINT (-122.4751518 37.7203931)
2912242145,37.7150886,-122.500791,1,,,,POINT (-122.500791 37.7150886)
3428243921,37.7238005,-122.4757321,1,,,,POINT (-122.4757321 37.7238005)
3449339698,37.724073,-122.4818399,3,,,,POINT (-122.4818399 37.724073)
3462373347,37.7136913,-122.4744727,3,traffic_signals,,,POINT (-122.4744727 37.7136913)
3526821452,37.7229677,-122.4834589,3,,,,POINT (-122.4834589 37.7229677)
3526821453,37.7230675,-122.4832667,3,,,,POINT (-122.4832667 37.7230675)
3526821457,37.7231289,-122.4826208,1,,,,POINT (-122.4826208 37.7231289)
3526885166,37.7243656,-122.4817009,1,,,,POINT (-122.4817009 37.7243656)
3526885173,37.72496,-122.4846311,4,,,,POINT (-122.4846311 37.72496)
3645308400,37.7373911,-122.4682822,5,traffic_signals,,,POINT (-122.4682822 37.7373911)
3645308401,37.737458,-122.4683624,4,traffic_signals,,,POINT (-122.4683624 37.737458)
3645339989,37.7392486,-122.4662444,4,traffic_signals,,,POINT (-122.4662444 37.7392486)
3645339991,37.7391536,-122.4661748,4,traffic_signals,,,POINT (-122.4661748 37.7391536)
3652899242,37.7149804,-122.4731178,3,,,,POINT (-122.4731178 37.7149804)
3715504955,37.7249295,-122.4847947,3,,,,POINT (-122.4847947 37.7249295)
3885158728,37.7249989,-122.484765,3,,,,POINT (-122.484765 37.7249989)
3999514601,37.7302413,-122.4718125,3,,,,POINT (-122.4718125 37.7302413)
3999713649,37.7310081,-122.4718772,4,,,,POINT (-122.4718772 37.7310081)
4034101610,37.7340116,-122.493362,3,,,,POINT (-122.493362 37.7340116)
4034123036,37.7402742,-122.5067422,3,,,,POINT (-122.5067422 37.7402742)
4034176446,37.7416908,-122.5066797,3,crossing,,,POINT (-122.5066797 37.7416908)
4034185242,37.7345951,-122.4983627,1,,,,POINT (-122.4983627 37.7345951)
4034195443,37.736724,-122.4935552,4,,,,POINT (-122.4935552 37.736724)
4034231279,37.7387139,-122.4893776,3,,,,POINT (-122.4893776 37.7387139)
4034544343,37.7370289,-122.5063394,3,,,,POINT (-122.5063394 37.7370289)
4034544344,37.7370715,-122.505383,3,,,,POINT (-122.505383 37.7370715)
4035891345,37.7372466,-122.4806789,3,,,,POINT (-122.4806789 37.7372466)
4035920524,37.7373261,-122.4785367,3,,,,POINT (-122.4785367 37.7373261)
4035920529,37.7372628,-122.4774586,1,,,,POINT (-122.4774586 37.7372628)
4035920531,37.7373091,-122.4763872,1,,,,POINT (-122.4763872 37.7373091)
4035920534,37.7379271,-122.4828776,1,,,,POINT (-122.4828776 37.7379271)
4035920539,37.7428664,-122.48,3,,,,POINT (-122.48 37.7428664)
4035920542,37.7376885,-122.4850048,1,,,,POINT (-122.4850048 37.7376885)
4044866160,37.7376036,-122.4721082,3,,,,POINT (-122.4721082 37.7376036)
4044866184,37.7414775,-122.4690534,3,,,,POINT (-122.4690534 37.7414775)
4045528439,37.7372802,-122.4914789,4,,,,POINT (-122.4914789 37.7372802)
4045528444,37.7371322,-122.4848062,1,,,,POINT (-122.4848062 37.7371322)
4045528488,37.7372945,-122.4913087,3,,,,POINT (-122.4913087 37.7372945)
4045528604,37.7387626,-122.4882869,4,,,,POINT (-122.4882869 37.7387626)
4047651028,37.7345366,-122.481504,3,,,,POINT (-122.481504 37.7345366)
4047651029,37.7344227,-122.4840929,3,,,,POINT (-122.4840929 37.7344227)
4047651034,37.7347039,-122.4912997,3,,,,POINT (-122.4912997 37.7347039)
4047651036,37.7341912,-122.4858743,3,,,,POINT (-122.4858743 37.7341912)
4047651057,37.7352118,-122.4815528,3,,,,POINT (-122.4815528 37.7352118)
4047651063,37.7344986,-122.4823667,3,,,,POINT (-122.4823667 37.7344986)
4047651410,37.734383,-122.4849898,3,,,,POINT (-122.4849898 37.734383)
4047651411,37.7344605,-122.4832273,3,,,,POINT (-122.4832273 37.7344605)
4062434363,37.7342058,-122.4855466,3,,,,POINT (-122.4855466 37.7342058)
4062434364,37.7342447,-122.4846681,3,,,,POINT (-122.4846681 37.7342447)
4062434365,37.7342842,-122.4837758,4,traffic_signals,,,POINT (-122.4837758 37.7342842)
4062434366,37.7344362,-122.4837871,3,traffic_signals,,,POINT (-122.4837871 37.7344362)
4062434369,37.7310865,-122.4835619,3,stop,,,POINT (-122.4835619 37.7310865)
4062434370,37.7310188,-122.4844403,3,stop,,,POINT (-122.4844403 37.7310188)
4062434371,37.7318539,-122.4951628,3,,,,POINT (-122.4951628 37.7318539)
4062434375,37.730951,-122.4853189,3,stop,,,POINT (-122.4853189 37.730951)
4062452044,37.7341287,-122.4873074,3,,,,POINT (-122.4873074 37.7341287)
4062468476,37.7342096,-122.4889127,4,,,,POINT (-122.4889127 37.7342096)
4062468479,37.7340905,-122.488194,3,,,,POINT (-122.488194 37.7340905)
4062775036,37.7320912,-122.489768,3,,,,POINT (-122.489768 37.7320912)
4062775050,37.7320537,-122.4906145,3,,,,POINT (-122.4906145 37.7320537)
4062846059,37.7294454,-122.4939169,3,,,,POINT (-122.4939169 37.7294454)
4062846061,37.7293792,-122.4941958,3,,,,POINT (-122.4941958 37.7293792)
4062846066,37.7325917,-122.4783709,3,,,,POINT (-122.4783709 37.7325917)
4062846078,37.7311606,-122.4809164,3,,,,POINT (-122.4809164 37.7311606)
4062846085,37.7311687,-122.4818042,3,stop,,,POINT (-122.4818042 37.7311687)
4062846990,37.7338573,-122.4933422,3,,,,POINT (-122.4933422 37.7338573)
4062846996,37.7345132,-122.4820385,3,,,,POINT (-122.4820385 37.7345132)
4062847005,37.7311237,-122.4768649,3,,,,POINT (-122.4768649 37.7311237)
4062847007,37.7311542,-122.4826841,3,,,,POINT (-122.4826841 37.7311542)
4062847020,37.7311525,-122.4800339,3,,,,POINT (-122.4800339 37.7311525)
4062847025,37.7295354,-122.493951,3,,,,POINT (-122.493951 37.7295354)
4062847040,37.7343616,-122.4820282,4,,,,POINT (-122.4820282 37.7343616)
4062847056,37.7344396,-122.4802667,3,,,,POINT (-122.4802667 37.7344396)
4062847057,37.7311272,-122.4772525,3,stop,,,POINT (-122.4772525 37.7311272)
4062847066,37.7311445,-122.4791515,3,stop,,,POINT (-122.4791515 37.7311445)
4062847086,37.7344006,-122.481149,3,,,,POINT (-122.481149 37.7344006)
4062847198,37.7311365,-122.4782691,3,,,,POINT (-122.4782691 37.7311365)
4062847207,37.7343226,-122.4829088,3,,,,POINT (-122.4829088 37.7343226)
4062847211,37.7293808,-122.4943918,3,,,,POINT (-122.4943918 37.7293808)
4064695371,37.7307788,-122.4950869,3,,,,POINT (-122.4950869 37.7307788)
4064695830,37.7301955,-122.4942071,3,,,,POINT (-122.4942071 37.7301955)
4064695878,37.7322852,-122.4951933,3,,,,POINT (-122.4951933 37.7322852)
4064695882,37.7315545,-122.4971356,3,,,,POINT (-122.4971356 37.7315545)
4069107532,37.726454,-122.5014273,2,,,,POINT (-122.5014273 37.726454)
4069107534,37.7252913,-122.503075,4,,,,POINT (-122.503075 37.7252913)
4069109496,37.726607,-122.5024658,4,,,,POINT (-122.5024658 37.726607)
4069109553,37.7266402,-122.5025934,3,,,,POINT (-122.5025934 37.7266402)
4069109616,37.7252585,-122.5030452,4,,,,POINT (-122.5030452 37.7252585)
4069109620,37.7266915,-122.5024312,4,,,,POINT (-122.5024312 37.7266915)
4069129292,37.7326942,-122.4978147,3,,,,POINT (-122.4978147 37.7326942)
4069129299,37.7279479,-122.5019867,3,,,,POINT (-122.5019867 37.7279479)
4069129312,37.7285645,-122.501695,3,traffic_signals,,,POINT (-122.501695 37.7285645)
4069129336,37.7315546,-122.4989994,4,,,,POINT (-122.4989994 37.7315546)
4069129387,37.7322457,-122.4982779,3,,,,POINT (-122.4982779 37.7322457)
4070607657,37.7123607,-122.4897723,3,,,,POINT (-122.4897723 37.7123607)
4070609048,37.7115842,-122.4888713,3,,,,POINT (-122.4888713 37.7115842)
4070801096,37.7136896,-122.4986654,3,,,,POINT (-122.4986654 37.7136896)
4070801144,37.7141192,-122.5003109,3,,,,POINT (-122.5003109 37.7141192)
4070801204,37.7126362,-122.4989848,1,,,,POINT (-122.4989848 37.7126362)
4070947311,37.7292655,-122.4937272,1,,,,POINT (-122.4937272 37.7292655)
4071044650,37.7242802,-122.4849159,3,,,,POINT (-122.4849159 37.7242802)
4071044661,37.7092496,-122.4851812,3,,,,POINT (-122.4851812 37.7092496)
4071045512,37.7130922,-122.4853801,3,,,,POINT (-122.4853801 37.7130922)
4071045525,37.7129209,-122.4853288,3,,,,POINT (-122.4853288 37.7129209)
4071045528,37.7226469,-122.4851219,3,,,,POINT (-122.4851219 37.7226469)
4071233981,37.7182339,-122.4994831,3,,,,POINT (-122.4994831 37.7182339)
4071235398,37.7183254,-122.4995779,3,,,,POINT (-122.4995779 37.7183254)
4073063877,37.7126916,-122.4716286,3,,,,POINT (-122.4716286 37.7126916)
4073064106,37.7127971,-122.4725949,3,,,,POINT (-122.4725949 37.7127971)
4073064111,37.7135943,-122.4745535,3,traffic_signals,,,POINT (-122.4745535 37.7135943)
4162521667,37.7235654,-122.4850486,3,,,,POINT (-122.4850486 37.7235654)
4407739094,37.7349027,-122.4940247,3,,,,POINT (-122.4940247 37.7349027)
4407739095,37.7349045,-122.4938703,3,,,,POINT (-122.4938703 37.7349045)
5330747074,37.7169628,-122.4722914,3,,,,POINT (-122.4722914 37.7169628)
5330747075,37.7164035,-122.471848,3,,,,POINT (-122.471848 37.7164035)
5330747076,37.7169126,-122.4724338,4,,,,POINT (-122.4724338 37.7169126)
5330747077,37.7171757,-122.4724974,4,,,,POINT (-122.4724974 37.7171757)
5331939753,37.7167999,-122.4726407,3,,,,POINT (-122.4726407 37.7167999)
5473006703,37.7170058,-122.473033,1,,,,POINT (-122.473033 37.7170058)
5556967423,37.7189047,-122.5001683,4,traffic_signals,,,POINT (-122.5001683 37.7189047)
5994182975,37.7200234,-122.47604,3,,,,POINT (-122.47604 37.7200234)
6325970951,37.7303049,-122.4701279,4,traffic_signals,,,POINT (-122.4701279 37.7303049)
6325971639,37.7169586,-122.4724794,4,,,,POINT (-122.4724794 37.7169586)
6325971640,37.7169688,-122.4724465,4,,,,POINT (-122.4724465 37.7169688)
6353454926,37.7375301,-122.4695573,3,,,,POINT (-122.4695573 37.7375301)
6353455485,37.7384289,-122.4685979,3,,,,POINT (-122.4685979 37.7384289)
6355820457,37.7432507,-122.4712711,4,crossing,,,POINT (-122.4712711 37.7432507)
6356743334,37.7428544,-122.4789227,4,traffic_signals,,,POINT (-122.4789227 37.7428544)
6356743341,37.7429513,-122.4780714,3,,,,POINT (-122.4780714 37.7429513)
6356743345,37.7428857,-122.4795588,3,,,,POINT (-122.4795588 37.7428857)
6356743346,37.7428351,-122.480711,3,,,,POINT (-122.480711 37.7428351)
6356743349,37.742927,-122.4796082,3,,,,POINT (-122.4796082 37.742927)
6356743350,37.7428942,-122.4793618,3,,,,POINT (-122.4793618 37.7428942)
6356789739,37.7421425,-122.4949894,3,,,,POINT (-122.4949894 37.7421425)
6356789744,37.7421642,-122.4945326,4,,,,POINT (-122.4945326 37.7421642)
6356789747,37.7421678,-122.4958582,3,,,,POINT (-122.4958582 37.7421678)
6356789748,37.7422958,-122.4943876,4,,,,POINT (-122.4943876 37.7422958)
6356789749,37.742316,-122.4939285,3,,,,POINT (-122.4939285 37.742316)
6356789751,37.7422753,-122.4933851,4,,,,POINT (-122.4933851 37.7422753)
6357368670,37.7160247,-122.4714866,3,,,,POINT (-122.4714866 37.7160247)
6357368671,37.7163063,-122.4717546,3,,,,POINT (-122.4717546 37.7163063)
6397710141,37.7417447,-122.5067778,4,,,,POINT (-122.5067778 37.7417447)
6397710142,37.7416159,-122.5069564,3,,,,POINT (-122.5069564 37.7416159)
6397710143,37.7416277,-122.5067546,4,,,,POINT (-122.5067546 37.7416277)
6469349555,37.7094062,-122.4672058,3,,,,POINT (-122.4672058 37.7094062)
6587926827,37.7269854,-122.4838624,4,,,,POINT (-122.4838624 37.7269854)
6587926831,37.7270511,-122.4832618,3,,,,POINT (-122.4832618 37.7270511)
6903838284,37.7268653,-122.4750476,4,,,,POINT (-122.4750476 37.7268653)
6919426532,37.7310822,-122.4756603,3,,,,POINT (-122.4756603 37.7310822)
6919426536,37.7309232,-122.4758977,3,,,,POINT (-122.4758977 37.7309232)
7026307316,37.7269784,-122.4840386,3,,,,POINT (-122.4840386 37.7269784)
7368508257,37.7086562,-122.4710505,3,,,,POINT (-122.4710505 37.7086562)
7922810414,37.7141229,-122.4984025,3,,,,POINT (-122.4984025 37.7141229)
7922810431,37.7130296,-122.498332,3,,,,POINT (-122.498332 37.7130296)
8076008490,37.7200264,-122.4756482,3,crossing,,,POINT (-122.4756482 37.7200264)
8274993658,37.7254649,-122.4663817,3,,,,POINT (-122.4663817 37.7254649)
8274993659,37.7254931,-122.4663394,3,,,,POINT (-122.4663394 37.7254931)
8274993660,37.725448,-122.4662891,3,,,,POINT (-122.4662891 37.725448)
8274993679,37.7269507,-122.4707027,3,,,,POINT (-122.4707027 37.7269507)
8292175322,37.7346881,-122.4716689,4,,,,POINT (-122.4716689 37.7346881)
9306667142,37.7144869,-122.4721527,3,,,,POINT (-122.4721527 37.7144869)
10755076821,37.7196445,-122.4721375,3,,,,POINT (-122.4721375 37.7196445)
10755076823,37.7196196,-122.4723841,3,,,,POINT (-122.4723841 37.7196196)
11030036732,37.7267357,-122.4709179,3,,,,POINT (-122.4709179 37.7267357)
11030036733,37.7268045,-122.4708355,3,,,,POINT (-122.4708355 37.7268045)
11030036734,37.7267887,-122.4708364,3,,,,POINT (-122.4708364 37.7267887)
11030036735,37.7268395,-122.4709795,3,,,,POINT (-122.4709795 37.7268395)
11268318786,37.7420419,-122.5003555,4,stop,,,POINT (-122.5003555 37.7420419)
11268318789,37.7419402,-122.5010264,3,,,,POINT (-122.5010264 37.7419402)
11268318790,37.7419076,-122.5003461,4,stop,,,POINT (-122.5003461 37.7419076)
11268318793,37.7420006,-122.4996543,3,,,,POINT (-122.4996543 37.7420006)
11337742045,37.7431879,-122.4735607,4,traffic_signals,,,POINT (-122.4735607 37.7431879)
11337742046,37.7430834,-122.47355,4,traffic_signals,,,POINT (-122.47355 37.7430834)
12116268953,37.7362791,-122.5021035,4,,,,POINT (-122.5021035 37.7362791)
12116291923,37.7420642,-122.498209,6,,,,POINT (-122.498209 37.7420642)
12116305046,37.7380033,-122.5054483,4,,,,POINT (-122.5054483 37.7380033)
12144489633,37.7385943,-122.4657282,3,,,,POINT (-122.4657282 37.7385943)
12195577833,37.7432344,-122.4725024,4,,,,POINT (-122.4725024 37.7432344)
12195577835,37.7431542,-122.4746435,4,traffic_signals,,,POINT (-122.4746435 37.7431542)
12195577837,37.7431315,-122.4756127,4,,,,POINT (-122.4756127 37.7431315)
12195577839,37.7430502,-122.4767882,4,,,,POINT (-122.4767882 37.7430502)
12195577840,37.7430039,-122.4778589,4,,,,POINT (-122.4778589 37.7430039)
12195577841,37.7429587,-122.4789299,4,traffic_signals,,,POINT (-122.4789299 37.7429587)
12195577844,37.7432602,-122.4713773,4,,,,POINT (-122.4713773 37.7432602)
12195577850,37.7431267,-122.4757303,4,,,,POINT (-122.4757303 37.7431267)
12195577860,37.7428996,-122.4782747,3,,,,POINT (-122.4782747 37.7428996)
12195577862,37.7429573,-122.4767835,4,,,,POINT (-122.4767835 37.7429573)
12195577864,37.742997,-122.4757186,4,,,,POINT (-122.4757186 37.742997)
12195577866,37.7430574,-122.474638,4,traffic_signals,,,POINT (-122.474638 37.7430574)
12195577870,37.7431407,-122.4724948,4,,,,POINT (-122.4724948 37.7431407)
12195577871,37.7432046,-122.4713737,4,,,,POINT (-122.4713737 37.7432046)
12195577878,37.7430078,-122.4756039,4,,,,POINT (-122.4756039 37.7430078)
12195577883,37.7429192,-122.4778533,4,,,,POINT (-122.4778533 37.7429192)
12462731892,37.742289,-122.494542,4,,,,POINT (-122.494542 37.742289)
12462731893,37.7421738,-122.4943777,4,,,,POINT (-122.4943777 37.7421738)
12498396189,37.7421924,-122.4952997,3,,,,POINT (-122.4952997 37.7421924)
12498396198,37.7422,-122.4939203,3,,,,POINT (-122.4939203 37.7422)
12498424404,37.7422689,-122.4949972,3,,,,POINT (-122.4949972 37.7422689)
12717144900,37.7205544,-122.4811083,3,,,,POINT (-122.4811083 37.7205544)
12927618186,37.724093,-122.4757599,1,,,,POINT (-122.4757599 37.724093)
